                  epoch,         train/box_loss,         train/cls_loss,         train/dfl_loss,   metrics/precision(B),      metrics/recall(B),       metrics/mAP50(B),    metrics/mAP50-95(B),           val/box_loss,           val/cls_loss,           val/dfl_loss,                 lr/pg0,                 lr/pg1,                 lr/pg2
                      1,                 1.4808,                  1.824,                 1.1388,                0.71273,                0.99347,                0.89786,                0.52902,                 1.3238,                 1.5945,                 1.0788,             0.00066447,             0.00066447,             0.00066447
                      2,                 1.2688,                 1.0895,                 1.0398,                      1,                0.99235,                  0.995,                0.67605,                 1.0976,                 1.2944,                 1.0208,              0.0010676,              0.0010676,              0.0010676
                      3,                  1.247,                0.95277,                 1.0477,                0.97422,                      1,                  0.995,                0.61343,                 1.2061,                 1.0487,                 1.0146,              0.0012067,              0.0012067,              0.0012067
                      4,                 1.2361,                0.87937,                 1.0197,                0.98789,                      1,                  0.995,                0.72607,                 1.3544,                0.93755,                  1.048,               0.000812,               0.000812,               0.000812
                      5,                 1.1079,                0.77967,                0.99058,                0.99032,                      1,                  0.995,                0.71606,                 1.2068,                0.77712,                0.99027,               0.000416,               0.000416,               0.000416
